rank,method,mean_score,low_ci,high_ci,n_samples
1,spotex,0.524724,0.394744,0.647107,20
2,goatex,0.136116,0.042751,0.263208,20
3,syncmvd,0.105131,0.029959,0.209562,20
4,mvadapter,0.094715,0.047185,0.149618,20
5,TEXGen,0.075035,0.033370,0.130217,20
6,paint3d,0.064279,0.019143,0.136708,20
